class,sentence
орудие,Руки своей батюшке из России публично не подают а потихонечку в тайне подают и здесь уже есть надежда
конечность,Апостол очень трагически это выражает когда взывает к верующим и говорит неужели мы возьмём члены тела Христова то есть наши члены руки ноги всё тело и сделаем их членами блудницы см 1 Кор 6 15
конечность,Мученики исповедники Российские являются славой русской земли перед лицом Божиим свидетелями того что в самые страшные тёмные годины нашей истории издревле и до сих пор были сонмы людей мужчины женщины дети которые так Ему поверили так отдали себя в Его руку на служение что до смерти остались Ему верными
власть,Он говорил одному своему собеседнику Лечись потому что Бог создал и лекарства и врача и в его руках твоё выздоровление
власть,Если бы только мы задумались над тем сколько труда заботы Божией и человеческой за тем куском хлеба который мы едим как мы этот хлеб держали бы в руке дивясь что этот хлеб по слову одного нашего русского молодого богослова это Божия любовь ставшая для нас пищей 25
конечность,Когда я вижу эти слова мне не нужно их читать когда я слышу эти песнопения мне не нужно на них сосредотачиваться как только я вижу слово словно Божия рука касается какой-то струны в моей душе будто в моей душе арфа и вся душа начинает петь
конечность,В немощи да сила Божия совершается но для этого надо отдаться в руки Божии для этого надо отозваться сначала на то вознесение Господне на крест которое нам открывает любовь Господню к нам и свидетельствует как Господь верит в человека
власть,Я говорю знает а не только знало потому что из столетия в столетие все те кто стал верующим это люди так или иначе встретившие Христа и они могут повторить слова одного из Посланий апостола Иоанна О том что мы слышали что видели своими очами что рассматривали и что осязали руки наши возвещаем вам I Ин 1 1 3 мы говорим о том что для нас абсолютно несомненная реальность в пределах нашего опыта
конечность,Ты мне будешь рассказывать всё что захочешь о деревне о семье о детстве о жене обо всем что у тебя в памяти на душе что ты любишь Я тебя буду держать за руку Постепенно тебе станет утомительно говорить тогда я стану говорить больше чем ты
конечность,Ответила земля и стоит этот ответ вовек с воздетыми руками молясь о нас всех и о добрых и о злых никогда не стоя поперёк пути спасения всем прощая
конечность,Кто-то из духовных писателей говорил о том что нищие это наши господа что мы обладаем богатством только для того чтобы им служить что богатство в наших руках не наше что нам поручено им распоряжаться так как Бог распорядился бы давать чтобы ничего не прилипало к рукам чтобы мы ничего не считали своим чтобы мы считали что всё что у нас есть всё без остатка принадлежит тому кому это нужно
власть,К сожалению эти фотографии не вошли в сборник так как при издании книги было решено изменить имена и фамилии детей и даже классный руководитель выступала под своей девичьей фамилией мы опасались что книга попадёт в руки детей или их родителей и мы тогда окажемся в роли подсматривающих что вероятно перекрыло бы все возможности дальнейшей работы
владение,Испытуемый Е рис 1 море что-то похожее на корабль лодка берёт рисунок в руки внимательно рассматривает профиль
конечность,Ещё И М Сеченов исследуя сенсомоторные координации отмечал Чтобы работать правильно человек вынужден неустанно следить глазами за тем что делают его руки т е согласовывать известным образом передвижения тех и других по быстроте и направлению 8 846
конечность,Ср бежал с факелом в руках резал с кувшином на голове но испортил с кувшином на голове мстил с портфелем в руках Наблюдение Наблюдение третье третье
конечность,Исследование текста Элуцидария обнаруживает также влияние идей Августина и других отцов церкви с произведениями которых однако Гонорий был знаком преимущественно из вторых рук вероятно в изложении опять-таки Ансельма 4
очередь,Но зато ведь он открыл как мы уже видели что слово еврей это то же что иерей разумеется в русском языке сфера действия которого как известно с успехом покрывает и Египет и Палестину и Грецию а отсюда уж рукой подать до слова иероглиф
конечность,Попытка Риббека отделить подлинного Ювенала сатирика от ритора находит себе опору в этой двойственности Риббек признавал подлинность только первых девяти и одиннадцатой сатиры но и в этих подлинных сатирах он находил искажения внесённые чужою рукою ритора
орудие,Там он первый связал Пушкина с категорией русского духа протянув руку будущему Достоевскому 34
помощь,Произведённая заново обработка поверхности рукой мастера нашего времени не сохраняет почерк эпохи
орудие,Так согласно некоторым оценкам 46 мексиканских переводов проносятся в руках получателям 10 а во многих африканских странах возможно только 50 переводов осуществляется через официальные каналы 11
конечность,Величина наличной иностранной валюты показывает чистый рост снижение наличной иностранной валюты в кассе банков и вне банковской сферы например на руках у населения
владение,Надев подводные очки продеваю кисть правой руки сквозь верёвочную петлю второй её конец мой товарищ Александр Варфоломеев будет выдавать по мере моего углубления в сифон
конечность,Таким образом процесс исторического развития например ручных орудий и инструментов с этой стороны можно рассматривать как выражающий и закрепляющий достижения в развитии двигательных функций руки усложнение фонетики языков как выражение усовершенствования артикуляции и речевого слуха а прогресс в произведениях искусств как выражение развития эстетических способностей
конечность,Я провела простое исследование суть которого заключалась в следующем я раздала шестилетним дошкольникам карточки на которых были написаны различные эпитеты красивый хороший умный глупый рассеянный и т п Перед ребятами стояли две коробки на одной из которых был изображён играющий ребёнок символизирующий дошкольника а на другой держащий в руке портфель школьник
конечность,Несколькими взмахами могучей руки Винифред срубил священный дуб
конечность,При спокойном с ними обращении они быстро привыкают к человеку и становятся ручными позволяют себя гладить садятся на палец руки
конечность,Молодую женщину охватил ужас Она в руках убийцы Бежать
власть,2 19 Почему механические наручные часы рекомендуется заводить утром а не вечером когда снимают их с руки
конечность,Мусульманин это тот язык и руки которого не причиняют вреда мусульманам
конечность,Утончённый английский джентльмен прибывший защищать дело свободы и социальной справедливости попадает в троцкистскую тюрьму и на фоне неба в клеточку видит трубы нашего крейсера на борту которого прибывший по приказу Сталина то ли Дыбенко то ли Антонов-Овсеенко интриговал против сторонников IV Интернационала и умыкал испанский золотой запас возможно с помощью бывшего троцкиста и тогдашнего разведчика Орлова у последнего к рукам прилипло 28 тысяч тогдашних долларов на которые он вместе с женой прожил скрываясь в Америке до самой смерти кремлёвского тирана
конечность,Заманчива сама цель этой бригады разработчиков получить протез кисти руки управляемый силой воли
конечность,В беззвёздной тьме тают и расплываются очертания рук не видишь коробок спичек поднесённый к глазам
конечность,В руках куртка и жетон с цифрой 1
конечность,Теперь Кеплер вправе сказать что постиг Вселенную так как если бы создал её собственными руками
орудие,Только в 220 году когда власть в Средиземноморье окажется в руках жреца сирийца Элагабала сильнейший и хитрейший из воевод Поднебесной ойкумены Цао Цао принудит последнего ханьского императора Сянь-ди отречься в надежде сделать своего сына Цао Пэя законным Сыном Неба
власть,Однако при всём уважении к великому зоологу придётся признать что в день когда его рука выводила строки этого приговора он был явно не в духе
конечность,В Древнем Египте духи наносились не только на кожу рук и шеи их втирали в волосы и интимные части тела дабы повысить сексуальную привлекательность
конечность,Когда я протягивал руку к его вольере он молниеносно выпрыгивал из воды и вцеплялся в ограду значительно раньше чем я успевал отдёрнуть руку
конечность,Но в следственных делах оставались лишь те документы которые играли на руку следовательской версии выбитой из подследственных иногда пытками и не только физическими
очередь,Сегодня мы слушали человека который играет ключевую роль в корабельной ядерной энергетике так что получили как говорится информацию из первых рук
очередь,Разумеется нельзя приписывать автору того что говорят персонажи однако многое за то что Лермонтов думал так же что мысль о смерти не только как о неизбежном но вечном рядом с которым вера в бессмертие души могла показаться бесплодным самоутешением не покидала писателя и водила его рукой определив всегдашнюю актуальность романа
орудие,Алеф первая буква священного алфавита переворачиваясь превращается в рисунчатый знак головы быка по другой версии в образ человека указывающего одной рукой в небо а другой в землю
конечность,Помощник стоял на коленях разбросав синие беспомощные руки и с пришпиленной к штырю головой
конечность,Автор явно пытается совместить профессии акушера и хирурга с бритвой Оккама в руках обручая антитезис с антиклимаксом
конечность,Одним из первых с фонарём в руках стал спускаться туда Гоголь
конечность,Спасибо Вам отдыхайте хорошенько крепко жму Вашу руку и надеюсь что мы работали вместе не в последний раз
конечность,Он ведь получает в свои руки только то что кто-то за него уже выбрал имеет дело не с динамичной вулканической жизнью современной словесности а только с застывшими кусками литературной лавы
владение,Однако невидимая рука упорядочила социальную среду на привычной для её агентов дефицитарной основе
власть,я погладил её по-русски это предполагало бы что объект ласки собака или кошка в остальных же случаях придётся сказать погладил по щеке голове или погладил её его руку щёку спину и т д
конечность,Получается что именно в руках экспертов при всей их зависимости сосредоточивается совершенно особая власть именно они сообщают авторитет политике и науке
власть,Очевидно что общественное устройство пронизанное явными или неявными голосованиями и как следствие явными или неявными рефлексиями каждого о мыслях других это особое устройство в нём социальная эволюция и институционализация теорий происходят при полном преобладании механизма охвата который собственно и направляет эту эволюцию невидимая рука рынка
сила_власть,Проводится нечто вроде общенадзорного расследования но чужими руками
орудие,Но когда я это слышу моя рука не тянется ни к пистолету ни как у депутата к перу чтобы написать новый закон и запретить безобразие
конечность,На новогодней открытке к 1944 году Дед Мороз нарисован со сталинской трубкой и мешком оружия в руках причём на мешке изображен американский флаг 12
конечность,И какая защита от их произвола Никакой всё в одних руках Раньше материальным обеспечением судов ведал Минюст у которого были и некоторые функции которые позволяли ему проверять что-то по существу судебных дел
власть,Волокита и вымогательства получили такое распространение что и министру юстиции графу В Н Панину однажды пришлось через вторые руки давать взятку чтобы ускорить ход имущественного дела своей дочери
очередь,правило далеко за словами не ходит берёт первое попавшееся под руку
недалеко,Изматывало высокое давление заработанное в годы послевоенного выживания когда довелось ходить с протянутой рукой
конечность,Кроме того вчера появилась информация о том что Чёрный Араб уже попал в руки федералов живым или мёртвым
власть,В области транспортных средств лежит другое изобретение 1994 года перчатка для водителя предназначенная для того чтобы высунутая из окна во время движения рука не обгорала на солнце
конечность,Однако в нынешней ситуации она может сыграть Хлопонину на руку если итоги красноярских выборов будут пересмотрены и в России и на Западе это может быть истолковано как то что действующий президент испугался возможных будущих то ли соперников то ли преемников
очередь,Она вполне может иметь прокат как и другая свежая конкурсная картина первый в истории кино полнометражный эстоно-латышский фильм Хорошие руки
владение,Наверное русский форвард долго размышлял как ему поступить представил что когда наступит его очередь пожать руку президенту тот спросит А вы Алексей сколько шайб забросили в этом сезоне
конечность,Рост 174 см вес 70 кг Играет правой рукой Любимое покрытие грунт
конечность,Президент Всероссийской теннисной ассоциации Шамиль Тарпищев надеялся что Виландер научит Марата держать себя в руках но и этого как показал хотя бы недавний Кубок Кремля на котором Марат так обиделся на эмоциональные выкрики с трибун что решил больше в Москве не выступать тоже не произошло
власть,И в-третьих наличествует простое качество жизни булочная и ресторанчик как правило под рукой
недалеко,Далее вариация на тему синицы руках и журавля в небе
конечность,За год до выборов Дума оказалась в руках Единой России
власть,Своих жертв он избивал табуреткой ножкой от стула обрезком водопроводной трубы берёзовым поленом всем что попадалось под руку
недалеко,Понять что казанский клуб реально претендует на чемпионский титул можно только возле местного Дворца спорта где уже с утра в день игры всегда полным-полно народу а билеты на хоккей продаются только с рук и по заоблачным ценам
владение,Тем временем всю первую половину москвичи бодро атакуют всеми силами пытаясь прибрать к рукам собственную судьбу дабы не зависеть от исхода матча в Петровском парке
владение,Вот видите развёл руками Леонид Васильевич у меня этой служебной записки нет
конечность,Конъюнктурная бронза в руках плоскозвучных норвежцев забронировавших билеты в Шереметьево примерно на те же даты что и Коккер
конечность,Бросался Беспалов в ноги Путину или нет но другу президента и питерскому партстроителю экстравагантные инициативы сходили с рук
орудие,В итоге по правую руку от Буша сидела его советник по национальной безопасности Кондолиза Райс которая как некоторые выражаются всегда сидит рядом по левую руку от Путина её максимально близкий российский аналог секретарь Совбеза Владимир Рушайло
сторона,Он держит в руках загадочный и напрочь отсутствующий в либретто да и в самой допетровской Руси атрибут балалайку
конечность,Президент академии Анатолий Климин дрожащими руками извлёк на свет головной убор мех золото драгоценные камни крест жемчужина на макушке
конечность,Шумахер старший и сам понимает что досрочное завершение чемпионата не только в его руках Мы все знаем что это может случиться при каких-то определённых условиях но многое зависит от того как финишируют соперники
власть,Я привела её под руки в комнату для допинг-контроля уложила на диван
конечность,Но протокол работает на первое лицо и мы вовсе не хотим связывать это лицо по рукам и ногам а напротив хотим чтобы ему было удобно и комфортно
конечность,Речь между прочим о Пушкине Лермонтове Гоголе Чехове Горьком Руками с головой Александр Поверин
конечность,Посетители терпеливо ждут очереди чтобы попасть в храм сжимая в руках красивые билеты загорелые светлоглазые сельчанки в летние месяцы подрабатывающие в музее строго дозируют поток желающих осмотреть роспись которой на днях исполнится пятьсот лет
конечность,Именно с её лёгкой руки выдаются лицензии на вещание телеканалам и радиостанциям
состояние,Победа была добыта в исконно русском стиле сначала собственными руками создать себе непреодолимые трудности потом чужими руками преодолеть их а в решающий момент собраться и всем смертям назло разбить превосходящие силы противника
орудие,И что бы ни говорил Ягудин о своей победе на чемпионате мира в Ницце 2000 г всё что случилось за ней заставляло с ним спорить это не он Ягудин выиграл тогда золото а Плющенко выпустил его тогда из своих ещё не окрепших рук
конечность,Нечем разводит руками Гаврилов бюджета катастрофически не хватило
конечность,Японские власти разводят руками приносят извинения и обещают вырастить за две недели новую траву
конечность,На 11-й минуте Альмейда рукой остановил мяч в своей штрафной и Лопес открыл счёт с пенальти
конечность,Ну и конечно российской паре сыграл на руку скандал в Марселе когда результат выигранной встречи с американцами аннулировали после финального свистка
очередь,Можно просто упасть на диван сжать в руках пульт как последнее оружие и сфокусировать взгляд на экране
конечность,Хотя проще всего не вдаваясь в лишнюю казуистику распространить на Францию действие поправки Джексона Вэника ибо здесь даже и объяснять ничего не надо хочу и распространяю своя рука владыка
орудие,Победительница женской гонки на 5 км свободным ходом самой стремительной за спринтами эстонка Кристина Шмигун плакала на пьедестале не от радости а от боли отморозила пальцы на руках
конечность,Так вот он утверждает что Корбут была взята за руку в момент когда начала перекладывать продукты в свою сумку
конечность,В Лондоне у меня был фестиваль Шостаковича с которым к слову у меня особые отношения ещё с 1943 года когда Дмитрий Дмитриевич принял в свой класс юношу с трясущимися от волнения руками в Чикаго в Санкт-Петербурге два последних в Вене и Амстердаме
конечность,Но турецкие портовые власти не могли ему помешать все документы оформляются в России а турки автоматически разрешают выход Всё было в руках капитана Поиски тел моряков сейчас осуществляет турецкое военное судно Икова где работает специальный штаб
власть,Когда мне начинают рассказывать о микробах в воздухе я говорю поменьше мойте руки будете здоровее
конечность,Чёрный костюм артиста оттеняет пунктир белых шаров составляющих невероятные комбинации в руках жонглёра
конечность,Чем юго-восточные контрафактные кроссовки и майки лучше аналогичных отечественных изделий с прилепленной на скорую руку адидасовской трилистниковой биркой как говорится made in za uglom
орудие,В это время к Алику подошла Зинка Фокина на плече она несла четыре лопаты под мышкой у неё была зажата какая-то картонная коробка а в левой руке сачок для ловли бабочек
конечность,Она была в серебряном платье с воздушным плащом и у неё были длинные руки она ими взмахнула как птица и вскочила на этот огромный голубой шар который для неё выкатили
конечность,Капли затопали по полу и стали оттаптывать Огню руки ноги бороду нос
конечность,Тот что лает по-собачьи размахивал руками и кричал
конечность,Мне захотелось чтоб Клюквин научился брать семечки из рук
конечность,Сам я сидел на лавке держа в руках третий стакан треснутый
конечность,Высунулся из палатки узнать было темно и сухо и ни капли не упало на руки на лоб
конечность,И пока я умывался подарок Тузик наскакивал на меня и выбил в конце концов мыло из рук
конечность,Коля взял в руки длинный шест хорей взмахнул и олени тронули
конечность,Тётка Ксеня махнула рукой на Петра Максимыча и сама заплакала
конечность,Длинной можжевеловой ложкой я пошарил в глубине ведра рука по локоть ушла в пар
конечность,Берегись Петрович отдергивает руку но поздно Крышка срывается с чайника
конечность,Донки свои я разыскал с трудом скользнул рукой в воду и не сразу нащупал леску в ледяной осенней воде
конечность,У меня тоже когда-то была сказал сумеречный человек и взял в руки мою финку пощупал лезвие подушечкой большого пальца
конечность,Льётся из гармони музыка а Шурка потряхивает в такт головой и сильно давит левой рукой на басы
конечность,Ведь у нас только четыре руки а коробок шесть
конечность,А как обернётся клад в животное тотчас хлопни его левой рукой со словами аминь аминь рассыпься
конечность,Бог с тобой махнула рукой прабабушка я пятёрок в жизни не получала я на 12 училась
конечность,Когда домашняя кошка лижет вам руку её язык кажется чуть шершавым
конечность,Артисты свесившись с балкончиков зазывают в свои балаганы Женщина паук без ног без рук
конечность,Он не раздумывая прыгнул в неё и оказался в зоопарке Мальчик вернись сердито замахала руками билетёрша Как бы не так
конечность,Поэтому на фронтоне Большого театра бронзовый Аполлон с лирой в руках
конечность,Чёрное тяжёлое ничего не умеет делать не умеет даже дышать нет даже печени крови ни головы ни рук стоит на одном месте
конечность,И лишь самые передовые решались накалывать на вилку фрукты а остальную пищу по-прежнему брали руками
конечность,Нужно взять себя в руки взял себя в руки Сидоров
власть,А прогуливаться вечерком можно с горящей головнёй в руках хотя страшно всё равно
конечность,Зато теперь вот пожалуйста любуйтесь сами делом рук своих
орудие,Лентяю напомнят Лень прежде тебя родилась Робкого подбодрят Глаза страшатся руки делают Пугливого успокоят У страха глаза велики
конечность,Каждый из них держал в руке зажжённую свечу
конечность,Да здесь все наши панамкинцы развёл он руками
конечность,Восемь глаз Восемь рук Как зовут его
конечность,Мы бродим по кабинету и трогаем их руками
конечность,Попался мне таймень огромный во И он развёл руки до отказа Во какой
конечность,Затем винты 4 и 5 затягиваются гайками так чтобы световозвращатель не перемещался по спицам от среднего нажатия рукой
конечность,Для удаления кубиков льда из ванночки рекомендуется подержать её две три минуты при комнатной температуре а затем взявшись двумя руками рис 5 за края ванночки повернуть её тыльной стороной вверх и слегка выгнув как указано на рисунке нажать пальцами на ячейки со льдом
конечность,Дневничок ты мой единственный друг только с тобой я могу поделиться тем какой Большой Любовью люблю Гонзу и как я бываю счастлива когда приходит и спрашивает встретимся ли мы сегодня чтобы быть только друг с другом держаться за руки и он меня потом целует как никого не целовал как он сам говорит и я ему верю потому что знаю что до меня дружил только с Лидой из их класса и с ней у него ничего не было потому что он её не любил и это была просто дружба
конечность,При этом необходимо придерживать одной рукой конусный фильтр за верхний ободок
конечность,Мама такая говорит Что думаешь на такого красивого кота смотреть будут конечно его уже к рукам прибрали
владение,Впрочем сегодня времени у нас навалом до начала перевального взлёта на Шурдин рукой подать а на перевал мы сегодня не едем
недалеко,Они называют тебя хаваль Лена товарищ Лена жмут руку и в глазах у них война
конечность,Почти все трупы были в вертикальном положении со связанными за спиной колючей проволокой руками
конечность,Я задала вам вопрос о Пиночете в положительном для многих либералов смысле как о человеке который жёсткой рукой наводил порядок ради проведения экономических реформ
сила_власть,В руках у японцев теперь серьёзный козырь чего нельзя сказать о России
владение,Они без конца заставляют солдатиков чистых приличных бритых совершенно киношных брать на руки детей вынуждают каптерщиков принимать живописные позы в момент раздачи сухих пайков
конечность,Всё сошло бы им с рук если бы один из фотографов случайно не проговорился в телеинтервью
орудие,Но здесь это не шумная и бравурная свобода на баррикадах а лица остолбенелых студентов и юноша с раненой девушкой на руках
конечность,Американца Ноймайера 30 лет назад обосновавшегося в Германии и создавшего Гамбургский балет называют и живым классиком и экспериментатором короче говоря мастером на все руки
орудие,Милиционер только развёл руками когда я высказал сомнение в том что профессионально сделанную шпионскую аппаратуру удастся обнаружить путём сверки номеров
конечность,Правительство Кириенко не удержало рубль хотя очень хотело слишком много ГКО находилось на руках у иностранцев слишком большие краткосрочные долларовые долги были накоплены банками и предприятиями
владение,Прямой упрёк президента премьер переадресовал министру экономического развития Герману Грефу профильное министерство ничего не сделало чтобы избавиться от наркотической зависимости от нефтяных цен Президент берёт инициативу в свои руки Но премьеру вовсе не обязательно испытывать беспокойство
власть,Потребуется время возможно поколение чтобы внешняя политика России перешла в руки ориентированной на Европу истинно демократической элиты
власть,Власть в Афганистане вот-вот полностью перейдёт в руки исламистского движения Талибан
власть,Такое впечатление что эта бумага попала в их руки случайно
владение,И дублирующая схема выключена пьяным дежурным потому что этот пьяный дежурный необходим вселенной и её Творцу иначе создание человеческих рук будет вечным а это недопустимо и противоестественно
орудие,Однако вход в неё загородил мужчина с железным прутом в руках
конечность,Одностороннее провозглашение независимости Палестиной развязывало бы Нетаньяху руки для решительных действий
орудие,Козырный аргумент в руки правительства дали сами масоны когда наотрез отказались сотрудничать с парламентским комитетом расследовавшим самый громкий коррупционный скандал Британии дело Уэстмидлендского отдела по расследованию особо тяжких преступлений
владение,Но в условиях современной России это воспринимается как вполне нормальная вещь и безусловно сыграет нам на руку
очередь,Прямой ставленник семьи Николай Аксененко вне зависимости от того останется ли он единственным первым зампредом или у него появится коллега сосредоточит в своих руках решение всех оперативных вопросов что наиболее ценно с точки зрения структур большого бизнеса
власть,Проходит испытания гормональный имплантант который подсаживается мужчине в руку и на три года снимает вопрос
конечность,Истинные мастера выездки на лошади сидят абсолютно прямо и ровно сохраняя бесстрастное выражение лица не делая движений ни руками ни бёдрами и всё же есть один едва уловимый признак движения хвосты лошадей колышутся в такт легчайшим движениям сапог их наездников
конечность,Я лично постоянно примеряю бюстгальтеры конкурентов и положа руку на сердце скажу что бра от La Perla самые удобные
конечность,При этом девушка уже снялась в картине Double Down у большого режиссёра Нила Джордана Интервью с вампиром Конец романа его рук дело
орудие,Вдруг я странно заболела температура 40 вздулись локтевые суставы а руки жутко заныли
конечность,Как в фильме про оборотня другие руки другая походка
конечность,Например я никогда не думала что умею рисовать а два года назад взяла в руки кисточку и теперь у меня дома висят копии любимых Ван Гога Сезанна Моранди
конечность,Например хорошо что отсюда рукой подать до альпийских склонов до Трех долин до Валь-д'Изера а также до Шамони и Межева
недалеко,Пусть у вас под руками будут низкокалорийные закуски
недалеко,Не будет обделена вниманием и область вокруг глаз для неё существует клеточный крем Cellcosmet Eye Contour Cream и шея и область декольте и даже ваши руки ведь если за ними не ухаживать они охотно выдадут возраст скрываемый вашим ухоженным лицом
конечность,Француженка Доминик Мишель в книге Ватель и рождение гастрономии М НЛО описала всю кухню короля солнце в буквальном смысле этого слова от того как мучительно входили в обиход вилки дело начиналось с двузубцев очень неудобных и потому многие всё ещё пытались есть руками и до украшения стола
конечность,С большим запозданием зато сразу в карманном формате попал в мои руки Весёлый солдат Виктора Астафьева СПб
владение,Зато дисциплинирует за вторым уже рука не потянется
конечность,А виден он становится только когда эти часы снимаешь с руки и будто бы ненароком кладёшь на стол или прикроватный столик так чтобы он она они полюбовались удивительным и завораживающим вращением мириадов шестерёнок
конечность,Всего в процедуре участвуют около 15 препаратов плюс нежные и заботливые руки косметолога
конечность,Она взяла верхнее из стопки полотенец не очень большое но мягкое и придерживая его рукой вышла в комнату где лежал на кровати и курил мужчина
конечность,И даже когда один из них протянул руку ко мне в открытое окно всё ещё не понимала что происходит на самом деле
конечность,Можно быть Аленом Делоном которому судьба идёт в руки и можно быть человеком который всего трудом добивается
владение,Затем монахи стали на руках носить туда страждущих и страждущие исцелялись
конечность,А уж там на такси рукой подать
недалеко,Я тронул губами кончики пальцев на руке возлюбленной и сказал
конечность,По их же сведениям азербайджанская диаспора сосредоточила в своих руках более 30 процентов московского оборота наркотиков и оружия
власть,Кроме общего зала в Наврузе имеется дастархан Руки гостям моет официантка узбечка Лимонной водой из чеканного кувшина
конечность,Ил и песок на дно оседают и можно разглядеть собственную вытянутую руку
конечность,Но вам так хочется оказаться с ними среди них чтобы детские велосипеды всегда окружали вас чтобы голуби без боязни брали у вас с руки
конечность,Так кажется я кричал а отец быстро тащил меня за руку назад к смотровой площадке а потом вниз вниз к набережной
конечность,В Петербурге подавленные величием Билетно-кассового центра спекулянты занялись благотворительностью билеты с рук стоят дешевле чем в кассе
владение,И в-третьих он с рук на Южном рынке продаётся то всего за 250 тысяч
владение,Надо бы хоть почитать что он там делал в этом Дерибрюхове Да всё руки не доходят А жаль
орудие,Москвичи дали объявление в газету Из рук в руки и уже на следующий день женщины различных возрастов и профессий предлагали себя семье Коноваловых
владение,Рука у сына миллионера была по-пролетарски мозолистой
конечность,Он верит в торжество умной кабинки сработанной русскими руками
орудие,Асунсьон погибла на руках своего приёмного сына Катриэля
конечность,Щиток для левой руки важная деталь для безопасности
конечность,А дочь в этот момент как специально поднимается на ноги и внимательно смотрит на них разве что только рукой им не машет
конечность,Хотя надо признаться техники Царя перед тем как выдать Response на тест-драйв предупреждали что машина в руках чересчур усердного драйвера может перевернуться
власть,АВТОПИЛОТ Что делать при случайной связи ВАСИЛЬЕВ Когда под рукой ничего нет После контакта помочиться а потом помыть всё мылом включая низ живота и внутреннюю поверхность бёдер
недалеко,Автохимия Чем отмыть руки Кошка умывается после еды всегда
конечность,И я принял московское решение просто поднял руку
конечность,Аксессуары Что натянуть на руки Когда люди пересели с карет на механические транспортные средства управление авто без перчаток равно как и появление в обществе с оголёнными руками считалось моветоном
конечность,Правильная выглядит так цитируем по документу стоять прямо без напряжения пятки вместе носки развернуты по линии фронта на ширину ступни ноги выпрямлены в коленях но не напряжены грудь приподнята плечи развернуты без лишнего напряжения руки свободно внизу правая с жезлом голову держать прямо смотреть перед собой